scene;mesh_a;mesh_b;mesh_path_a;mesh_path_b;mean_a_to_b;mean_b_to_a;median_a_to_b;median_b_to_a;max_a_to_b;max_b_to_a;pred_to_gt_mean;gt_to_pred_mean;gt_to_pred_median;gt_to_pred_max;chamfer;hausdorff;precision;recall;fscore;threshold;sample_points;sampling_method;semantics;aligned_with_icp;icp_fitness;icp_inlier_rmse;icp_threshold;icp_sample_points;aligned_mesh_path;;
NewBlend_BRDFFull_iter15000;NewBlend_BRDFFull_iter15000;blender_gt;output\NewBlend_BRDFFull\train\ours_15000\fuse_post.ply;C:\Users\cwart\OneDrive\Desktop\2DGS\BlenderGTMesh_aligned.ply;;0.4481029573277028;;0.33408151170518563;;1.837.511.646.797.520;;0.4481029573277028;0.33408151170518563;1.837.511.646.797.520;;;;0.00263;;0.01;100000;uniform;gt_only;TRUE;0.01543;0.02490689416928931;0.05;100000;mesh_compare_out\aligned_reference\NewBlend_BRDFFull_iter15000__aligned_to__blender_gt.ply;;
NewBlend_BRDFFull-Evenfiner_iter15000;NewBlend_BRDFFull-Evenfiner_iter15000;blender_gt;output\NewBlend_BRDFFull-Evenfiner\train\ours_15000\fuse_post.ply;C:\Users\cwart\OneDrive\Desktop\2DGS\BlenderGTMesh_aligned.ply;;0.43833897408607425;;0.3012075398608983;;18.897.464.746.680.800;;0.43833897408607425;0.3012075398608983;18.897.464.746.680.800;;;;0.00175;;0.01;100000;uniform;gt_only;TRUE;0.01326;0.026712733289349262;0.05;100000;mesh_compare_out\aligned_reference\NewBlend_BRDFFull-Evenfiner_iter15000__aligned_to__blender_gt.ply;;
NewBlend_BRDFFull-Highdetail_iter15000;NewBlend_BRDFFull-Highdetail_iter15000;blender_gt;output\NewBlend_BRDFFull-Highdetail\train\ours_15000\fuse_post.ply;C:\Users\cwart\OneDrive\Desktop\2DGS\BlenderGTMesh_aligned.ply;;0.455742615586117;;0.3407840720065777;;19.054.750.829.881.700;;0.455742615586117;0.3407840720065777;19.054.750.829.881.700;;;;0.00303;;0.01;100000;uniform;gt_only;TRUE;0.01537;0.024080214004406963;0.05;100000;mesh_compare_out\aligned_reference\NewBlend_BRDFFull-Highdetail_iter15000__aligned_to__blender_gt.ply;;
NewBlend_BRDFFull-Saferfiner_iter15000;NewBlend_BRDFFull-Saferfiner_iter15000;blender_gt;output\NewBlend_BRDFFull-Saferfiner\train\ours_15000\fuse_post.ply;C:\Users\cwart\OneDrive\Desktop\2DGS\BlenderGTMesh_aligned.ply;;0.4671917623481089;;0.3483261271299323;;1.968.402.258.746.810;;0.4671917623481089;0.3483261271299323;1.968.402.258.746.810;;;;0.00316;;0.01;100000;uniform;gt_only;TRUE;0.01501;0.023546103808673;0.05;100000;mesh_compare_out\aligned_reference\NewBlend_BRDFFull-Saferfiner_iter15000__aligned_to__blender_gt.ply;;
NewBlend_BRDFReadyRoughness0_iter15000;NewBlend_BRDFReadyRoughness0_iter15000;blender_gt;output\NewBlend_BRDFReadyRoughness0\train\ours_15000\fuse_post.ply;C:\Users\cwart\OneDrive\Desktop\2DGS\BlenderGTMesh_aligned.ply;;0.25220801573921897;;0.2129172652980273;;0.9063553815167062;;0.25220801573921897;0.2129172652980273;0.9063553815167062;;;;0.00045;;0.01;100000;uniform;gt_only;TRUE;0.00648;0.030064938707565693;0.05;100000;mesh_compare_out\aligned_reference\NewBlend_BRDFReadyRoughness0_iter15000__aligned_to__blender_gt.ply;;
NewBlend_FalloffAndSpotOff_iter15000;NewBlend_FalloffAndSpotOff_iter15000;blender_gt;output\NewBlend_FalloffAndSpotOff\train\ours_15000\fuse_post.ply;C:\Users\cwart\OneDrive\Desktop\2DGS\BlenderGTMesh_aligned.ply;;0.347435039102523;;0.2812249211007146;;11.133.172.864.898.100;;0.347435039102523;0.2812249211007146;11.133.172.864.898.100;;;;0.00045;;0.01;100000;uniform;gt_only;TRUE;0.00665;0.02988075060044958;0.05;100000;mesh_compare_out\aligned_reference\NewBlend_FalloffAndSpotOff_iter15000__aligned_to__blender_gt.ply;;
NewBlend_FalloffOff_iter15000;NewBlend_FalloffOff_iter15000;blender_gt;output\NewBlend_FalloffOff\train\ours_15000\fuse_post.ply;C:\Users\cwart\OneDrive\Desktop\2DGS\BlenderGTMesh_aligned.ply;;0.337991775980721;;0.2562716597000828;;1.324.872.139.378.570;;0.337991775980721;0.2562716597000828;1.324.872.139.378.570;;;;0.00069;;0.01;100000;uniform;gt_only;TRUE;0.00772;0.029516895123080446;0.05;100000;mesh_compare_out\aligned_reference\NewBlend_FalloffOff_iter15000__aligned_to__blender_gt.ply;;
NewBlend_FullBRDFOnlyCenterCam_iter15000;NewBlend_FullBRDFOnlyCenterCam_iter15000;blender_gt;output\NewBlend_FullBRDFOnlyCenterCam\train\ours_15000\fuse_post.ply;C:\Users\cwart\OneDrive\Desktop\2DGS\BlenderGTMesh_aligned.ply;;0.3538847951255331;;0.2513582781212992;;12.856.105.516.234.800;;0.3538847951255331;0.2513582781212992;12.856.105.516.234.800;;;;0.00086;;0.01;100000;uniform;gt_only;TRUE;0.0091;0.02941550179436562;0.05;100000;mesh_compare_out\aligned_reference\NewBlend_FullBRDFOnlyCenterCam_iter15000__aligned_to__blender_gt.ply;;
NewBlend_ImproveLoss_iter15000;NewBlend_ImproveLoss_iter15000;blender_gt;output\NewBlend_ImproveLoss\train\ours_15000\fuse_post.ply;C:\Users\cwart\OneDrive\Desktop\2DGS\BlenderGTMesh_aligned.ply;;0.5705641855506539;;0.4149523318534553;;19.964.960.685.048.800;;0.5705641855506539;0.4149523318534553;19.964.960.685.048.800;;;;0.00444;;0.01;100000;uniform;gt_only;TRUE;0.01476;0.020792406004592586;0.05;100000;mesh_compare_out\aligned_reference\NewBlend_ImproveLoss_iter15000__aligned_to__blender_gt.ply;;
NewBlend_ImproveLossLastV3Finished_iter15000;NewBlend_ImproveLossLastV3Finished_iter15000;blender_gt;output\NewBlend_ImproveLossLastV3Finished\train\ours_15000\fuse_post.ply;C:\Users\cwart\OneDrive\Desktop\2DGS\BlenderGTMesh_aligned.ply;;0.37615187241794995;;0.2519327532817316;;15.686.833.825.393.700;;0.37615187241794995;0.2519327532817316;15.686.833.825.393.700;;;;0.00104;;0.01;100000;uniform;gt_only;TRUE;0.01049;0.02873812329138289;0.05;100000;mesh_compare_out\aligned_reference\NewBlend_ImproveLossLastV3Finished_iter15000__aligned_to__blender_gt.ply;;
NewBlend_ImproveLossV2_iter15000;NewBlend_ImproveLossV2_iter15000;blender_gt;output\NewBlend_ImproveLossV2\train\ours_15000\fuse_post.ply;C:\Users\cwart\OneDrive\Desktop\2DGS\BlenderGTMesh_aligned.ply;;0.33500501178508174;;0.27307473301200635;;101.598.573.493.645;;0.33500501178508174;0.27307473301200635;101.598.573.493.645;;;;0.002;;0.01;100000;uniform;gt_only;TRUE;0.01168;0.025825898806826675;0.05;100000;mesh_compare_out\aligned_reference\NewBlend_ImproveLossV2_iter15000__aligned_to__blender_gt.ply;;
NewBlend_IntroduceGGXFresnel_iter15000;NewBlend_IntroduceGGXFresnel_iter15000;blender_gt;output\NewBlend_IntroduceGGXFresnel\train\ours_15000\fuse_post.ply;C:\Users\cwart\OneDrive\Desktop\2DGS\BlenderGTMesh_aligned.ply;;0.23964529602244286;;0.20382217632834548;;0.9658409969074881;;0.23964529602244286;0.20382217632834548;0.9658409969074881;;;;0.00088;;0.01;100000;uniform;gt_only;TRUE;0.01068;0.02898735128723086;0.05;100000;mesh_compare_out\aligned_reference\NewBlend_IntroduceGGXFresnel_iter15000__aligned_to__blender_gt.ply;;
NewBlend_IntroduceGGXFresnelBackwardComplete_iter15000;NewBlend_IntroduceGGXFresnelBackwardComplete_iter15000;blender_gt;output\NewBlend_IntroduceGGXFresnelBackwardComplete\train\ours_15000\fuse_post.ply;C:\Users\cwart\OneDrive\Desktop\2DGS\BlenderGTMesh_aligned.ply;;0.27472978800036235;;0.20008377012475037;;11.583.470.126.172.500;;0.27472978800036235;0.20008377012475037;11.583.470.126.172.500;;;;0.00072;;0.01;100000;uniform;gt_only;TRUE;0.00928;0.029861124041532502;0.05;100000;mesh_compare_out\aligned_reference\NewBlend_IntroduceGGXFresnelBackwardComplete_iter15000__aligned_to__blender_gt.ply;;
NewBlend_IntroduceGGXFresnelCompletely_iter15000;NewBlend_IntroduceGGXFresnelCompletely_iter15000;blender_gt;output\NewBlend_IntroduceGGXFresnelCompletely\train\ours_15000\fuse_post.ply;C:\Users\cwart\OneDrive\Desktop\2DGS\BlenderGTMesh_aligned.ply;;0.5196194667477897;;0.40281693997667845;;18.705.977.728.312.200;;0.5196194667477897;0.40281693997667845;18.705.977.728.312.200;;;;0.00128;;0.01;100000;uniform;gt_only;TRUE;0.01163;0.026385561846734924;0.05;100000;mesh_compare_out\aligned_reference\NewBlend_IntroduceGGXFresnelCompletely_iter15000__aligned_to__blender_gt.ply;;
NewBlend_IntroduceGGXFresnelSeparationComplete_iter15000;NewBlend_IntroduceGGXFresnelSeparationComplete_iter15000;blender_gt;output\NewBlend_IntroduceGGXFresnelSeparationComplete\train\ours_15000\fuse_post.ply;C:\Users\cwart\OneDrive\Desktop\2DGS\BlenderGTMesh_aligned.ply;;0.3436262303566284;;0.2464653613299916;;1.385.868.098.328.960;;0.3436262303566284;0.2464653613299916;1.385.868.098.328.960;;;;0.00081;;0.01;100000;uniform;gt_only;TRUE;0.00846;0.029262688282299734;0.05;100000;mesh_compare_out\aligned_reference\NewBlend_IntroduceGGXFresnelSeparationComplete_iter15000__aligned_to__blender_gt.ply;;
NewBlend_IntroduceGGXFresnelTrueRGBSpec_iter15000;NewBlend_IntroduceGGXFresnelTrueRGBSpec_iter15000;blender_gt;output\NewBlend_IntroduceGGXFresnelTrueRGBSpec\train\ours_15000\fuse_post.ply;C:\Users\cwart\OneDrive\Desktop\2DGS\BlenderGTMesh_aligned.ply;;0.22419443182638618;;0.18336884262924125;;0.9364869778108206;;0.22419443182638618;0.18336884262924125;0.9364869778108206;;;;0.00073;;0.01;100000;uniform;gt_only;TRUE;0.00924;0.029452435167151677;0.05;100000;mesh_compare_out\aligned_reference\NewBlend_IntroduceGGXFresnelTrueRGBSpec_iter15000__aligned_to__blender_gt.ply;;
NewBlend_SpotOff_iter15000;NewBlend_SpotOff_iter15000;blender_gt;output\NewBlend_SpotOff\train\ours_15000\fuse_post.ply;C:\Users\cwart\OneDrive\Desktop\2DGS\BlenderGTMesh_aligned.ply;;0.3268392344115399;;0.21980360231692234;;12.787.354.963.539.000;;0.3268392344115399;0.21980360231692234;12.787.354.963.539.000;;;;0.00067;;0.01;100000;uniform;gt_only;TRUE;0.00779;0.029825112704138092;0.05;100000;mesh_compare_out\aligned_reference\NewBlend_SpotOff_iter15000__aligned_to__blender_gt.ply;;
NewBlendTest_Standard2DGS_iter15000;NewBlendTest_Standard2DGS_iter15000;blender_gt;output\NewBlendTest_Standard2DGS\train\ours_15000\fuse_post.ply;C:\Users\cwart\OneDrive\Desktop\2DGS\BlenderGTMesh_aligned.ply;;0.4284664409055191;;0.31476152712430483;;16.019.188.250.064.500;;0.4284664409055191;0.31476152712430483;16.019.188.250.064.500;;;;0.00213;;0.01;100000;uniform;gt_only;TRUE;0.01508;0.024026384760499293;0.05;100000;mesh_compare_out\aligned_reference\NewBlendTest_Standard2DGS_iter15000__aligned_to__blender_gt.ply;;
NewBlendTest_WithVersionRemovedConfidenceOnly_iter15000;NewBlendTest_WithVersionRemovedConfidenceOnly_iter15000;blender_gt;output\NewBlendTest_WithVersionRemovedConfidenceOnly\train\ours_15000\fuse_post.ply;C:\Users\cwart\OneDrive\Desktop\2DGS\BlenderGTMesh_aligned.ply;;0.30419604542627904;;0.20593736545765762;;10.385.479.031.378.800;;0.30419604542627904;0.20593736545765762;10.385.479.031.378.800;;;;0.00084;;0.01;100000;uniform;gt_only;TRUE;0.00925;0.029824474513561555;0.05;100000;mesh_compare_out\aligned_reference\NewBlendTest_WithVersionRemovedConfidenceOnly_iter15000__aligned_to__blender_gt.ply;;
Outside(Ambient)GaussianActuallyMoveTestTbehind_iter15000;Outside(Ambient)GaussianActuallyMoveTestTbehind_iter15000;blender_gt;output\Outside(Ambient)GaussianActuallyMoveTestTbehind\train\ours_15000\fuse_post.ply;C:\Users\cwart\OneDrive\Desktop\2DGS\BlenderGTMesh_aligned.ply;;0.9929551004054539;;0.9100668392200275;;265.579.008.252.787;;0.9929551004054539;0.9100668392200275;265.579.008.252.787;;;;0.00047;;0.01;100000;uniform;gt_only;TRUE;0.00473;0.029507248061673437;0.05;100000;mesh_compare_out\aligned_reference\Outside_Ambient_GaussianActuallyMoveTestTbehind_iter15000__aligned_to__blender_gt.ply;;
OutsideConsistencyLossCheap_iter15000;OutsideConsistencyLossCheap_iter15000;blender_gt;output\OutsideConsistencyLossCheap\train\ours_15000\fuse_post.ply;C:\Users\cwart\OneDrive\Desktop\2DGS\BlenderGTMesh_aligned.ply;;0.873407238334374;;0.7400875602883747;;25.960.501.244.753.900;;0.873407238334374;0.7400875602883747;25.960.501.244.753.900;;;;0.00047;;0.01;100000;uniform;gt_only;TRUE;0.00742;0.0291269706287328;0.05;100000;mesh_compare_out\aligned_reference\OutsideConsistencyLossCheap_iter15000__aligned_to__blender_gt.ply;;
OutsideConsistencyLossMoreCostly_iter15000;OutsideConsistencyLossMoreCostly_iter15000;blender_gt;output\OutsideConsistencyLossMoreCostly\train\ours_15000\fuse_post.ply;C:\Users\cwart\OneDrive\Desktop\2DGS\BlenderGTMesh_aligned.ply;;0.9897811361706893;;0.7979693165610987;;2.923.907.363.016.770;;0.9897811361706893;0.7979693165610987;2.923.907.363.016.770;;;;0.00066;;0.01;100000;uniform;gt_only;TRUE;0.00739;0.02954921961445803;0.05;100000;mesh_compare_out\aligned_reference\OutsideConsistencyLossMoreCostly_iter15000__aligned_to__blender_gt.ply;;
OutsideConsistencyLossV2_iter15000;OutsideConsistencyLossV2_iter15000;blender_gt;output\OutsideConsistencyLossV2\train\ours_15000\fuse_post.ply;C:\Users\cwart\OneDrive\Desktop\2DGS\BlenderGTMesh_aligned.ply;;10.081.872.881.197.100;;0.8313220410347932;;3.029.470.624.429.580;;10.081.872.881.197.100;0.8313220410347932;3.029.470.624.429.580;;;;0.00034;;0.01;100000;uniform;gt_only;TRUE;0.00499;0.030487591571488754;0.05;100000;mesh_compare_out\aligned_reference\OutsideConsistencyLossV2_iter15000__aligned_to__blender_gt.ply;;
OutsideSurfaceRegualrization_iter15000;OutsideSurfaceRegualrization_iter15000;blender_gt;output\OutsideSurfaceRegualrization\train\ours_15000\fuse_post.ply;C:\Users\cwart\OneDrive\Desktop\2DGS\BlenderGTMesh_aligned.ply;;0.9947081028435444;;0.6944842141797272;;31.540.182.166.637.900;;0.9947081028435444;0.6944842141797272;31.540.182.166.637.900;;;;0.0008;;0.01;100000;uniform;gt_only;TRUE;0.00912;0.029523564621277188;0.05;100000;mesh_compare_out\aligned_reference\OutsideSurfaceRegualrization_iter15000__aligned_to__blender_gt.ply;;
VaseClean_FixedAllGradients_AllOn_iter15000;VaseClean_FixedAllGradients_AllOn_iter15000;blender_gt;output\VaseClean_FixedAllGradients_AllOn\train\ours_15000\fuse_post.ply;C:\Users\cwart\OneDrive\Desktop\2DGS\BlenderGTMesh_aligned.ply;;10.287.058.570.913.500;;0.6214456729621993;;3.986.324.450.788.510;;10.287.058.570.913.500;0.6214456729621993;3.986.324.450.788.510;;;;0.00219;;0.01;100000;uniform;gt_only;TRUE;0.0326;0.02992156371919383;0.05;100000;mesh_compare_out\aligned_reference\VaseClean_FixedAllGradients_AllOn_iter15000__aligned_to__blender_gt.ply;;
VaseClean_MoveTestTBehind_iter15000;VaseClean_MoveTestTBehind_iter15000;blender_gt;output\VaseClean_MoveTestTBehind\train\ours_15000\fuse_post.ply;C:\Users\cwart\OneDrive\Desktop\2DGS\BlenderGTMesh_aligned.ply;;1.054.193.885.371.580;;0.614814318368686;;4.112.881.340.189.230;;1.054.193.885.371.580;0.614814318368686;4.112.881.340.189.230;;;;0.00213;;0.01;100000;uniform;gt_only;TRUE;0.02927;0.02998274442112396;0.05;100000;mesh_compare_out\aligned_reference\VaseClean_MoveTestTBehind_iter15000__aligned_to__blender_gt.ply;;
VaseClean_NowAllOff_iter15000;VaseClean_NowAllOff_iter15000;blender_gt;output\VaseClean_NowAllOff\train\ours_15000\fuse_post.ply;C:\Users\cwart\OneDrive\Desktop\2DGS\BlenderGTMesh_aligned.ply;;10.093.468.202.323.300;;0.5729544925227261;;39.835.424.270.729.900;;10.093.468.202.323.300;0.5729544925227261;39.835.424.270.729.900;;;;0.0022;;0.01;100000;uniform;gt_only;TRUE;0.03381;0.029588606412616205;0.05;100000;mesh_compare_out\aligned_reference\VaseClean_NowAllOff_iter15000__aligned_to__blender_gt.ply;;
VaseClean_SplitDiffuseToPartsWithFixes_iter15000;VaseClean_SplitDiffuseToPartsWithFixes_iter15000;blender_gt;output\VaseClean_SplitDiffuseToPartsWithFixes\train\ours_15000\fuse_post.ply;C:\Users\cwart\OneDrive\Desktop\2DGS\BlenderGTMesh_aligned.ply;;10.204.064.536.596.000;;0.6436968773260685;;37.935.932.853.228.900;;10.204.064.536.596.000;0.6436968773260685;37.935.932.853.228.900;;;;0.00225;;0.01;100000;uniform;gt_only;TRUE;0.02857;0.03046084634159496;0.05;100000;mesh_compare_out\aligned_reference\VaseClean_SplitDiffuseToPartsWithFixes_iter15000__aligned_to__blender_gt.ply;;
;;;;;;;;;;;;;;;;;;;;;;;;;;;;;;;
;;;;;;;;;;;;;;;;;;;;;;;;;;;;;;;
;;;;;;;;;;;;;;;;;;;;;;;;;;;;;;;
;;;;;;;;;;;;;;;;;;;;;;;;;;;;;;;
;;;;;;;;;;;;;;;;;;;;;;;;;;;;;;;
;NewBlend_BRDFFull_iter15000;NewBlend_BRDFFull_iter15000;blender_gt;output\NewBlend_BRDFFull\train\ours_15000\fuse_post.ply;C:\Users\cwart\OneDrive\Desktop\2DGS\BlenderGTMesh_aligned.ply;;0.10256626521769041;;0.07305217688002472;;0.822027789996527;;0.10256626521769041;0.07305217688002472;0.822027789996527;;;;0.00273;;0.01;100000;uniform;gt_only;FALSE;;;;;;FALSE
;NewBlend_BRDFFull-Evenfiner_iter15000;NewBlend_BRDFFull-Evenfiner_iter15000;blender_gt;output\NewBlend_BRDFFull-Evenfiner\train\ours_15000\fuse_post.ply;C:\Users\cwart\OneDrive\Desktop\2DGS\BlenderGTMesh_aligned.ply;;0.10516784245521889;;0.07377205602771354;;0.8041961203397624;;0.10516784245521889;0.07377205602771354;0.8041961203397624;;;;0.00238;;0.01;100000;uniform;gt_only;FALSE;;;;;;FALSE
;NewBlend_BRDFFull-Highdetail_iter15000;NewBlend_BRDFFull-Highdetail_iter15000;blender_gt;output\NewBlend_BRDFFull-Highdetail\train\ours_15000\fuse_post.ply;C:\Users\cwart\OneDrive\Desktop\2DGS\BlenderGTMesh_aligned.ply;;0.10297421050561587;;0.07318346760884112;;0.8204027444527283;;0.10297421050561587;0.07318346760884112;0.8204027444527283;;;;0.00353;;0.01;100000;uniform;gt_only;FALSE;;;;;;FALSE
;NewBlend_BRDFFull-Saferfiner_iter15000;NewBlend_BRDFFull-Saferfiner_iter15000;blender_gt;output\NewBlend_BRDFFull-Saferfiner\train\ours_15000\fuse_post.ply;C:\Users\cwart\OneDrive\Desktop\2DGS\BlenderGTMesh_aligned.ply;;0.10651899392832587;;0.07578092447638088;;0.810088239719404;;0.10651899392832587;0.07578092447638088;0.810088239719404;;;;0.00253;;0.01;100000;uniform;gt_only;FALSE;;;;;;FALSE
;NewBlend_BRDFReadyRoughness0_iter15000;NewBlend_BRDFReadyRoughness0_iter15000;blender_gt;output\NewBlend_BRDFReadyRoughness0\train\ours_15000\fuse_post.ply;C:\Users\cwart\OneDrive\Desktop\2DGS\BlenderGTMesh_aligned.ply;;0.10825964356014613;;0.07577444134393077;;0.8273093385042845;;0.10825964356014613;0.07577444134393077;0.8273093385042845;;;;0.00284;;0.01;100000;uniform;gt_only;FALSE;;;;;;FALSE
;NewBlend_FalloffAndSpotOff_iter15000;NewBlend_FalloffAndSpotOff_iter15000;blender_gt;output\NewBlend_FalloffAndSpotOff\train\ours_15000\fuse_post.ply;C:\Users\cwart\OneDrive\Desktop\2DGS\BlenderGTMesh_aligned.ply;;0.10919830338313165;;0.07276326100273706;;0.811752243004064;;0.10919830338313165;0.07276326100273706;0.811752243004064;;;;0.00258;;0.01;100000;uniform;gt_only;FALSE;;;;;;FALSE
;NewBlend_FalloffOff_iter15000;NewBlend_FalloffOff_iter15000;blender_gt;output\NewBlend_FalloffOff\train\ours_15000\fuse_post.ply;C:\Users\cwart\OneDrive\Desktop\2DGS\BlenderGTMesh_aligned.ply;;0.103782828670724;;0.07312654078200528;;0.834155141220335;;0.103782828670724;0.07312654078200528;0.834155141220335;;;;0.00349;;0.01;100000;uniform;gt_only;FALSE;;;;;;FALSE
;NewBlend_FullBRDFOnlyCenterCam_iter15000;NewBlend_FullBRDFOnlyCenterCam_iter15000;blender_gt;output\NewBlend_FullBRDFOnlyCenterCam\train\ours_15000\fuse_post.ply;C:\Users\cwart\OneDrive\Desktop\2DGS\BlenderGTMesh_aligned.ply;;0.10610391107017682;;0.07209235265074976;;0.8445406672069683;;0.10610391107017682;0.07209235265074976;0.8445406672069683;;;;0.00311;;0.01;100000;uniform;gt_only;FALSE;;;;;;FALSE
;NewBlend_ImproveLoss_iter15000;NewBlend_ImproveLoss_iter15000;blender_gt;output\NewBlend_ImproveLoss\train\ours_15000\fuse_post.ply;C:\Users\cwart\OneDrive\Desktop\2DGS\BlenderGTMesh_aligned.ply;;0.10017200140184095;;0.07151673869962397;;0.8561879085362988;;0.10017200140184095;0.07151673869962397;0.8561879085362988;;;;0.0037;;0.01;100000;uniform;gt_only;FALSE;;;;;;FALSE
;NewBlend_ImproveLossLastV3Finished_iter15000;NewBlend_ImproveLossLastV3Finished_iter15000;blender_gt;output\NewBlend_ImproveLossLastV3Finished\train\ours_15000\fuse_post.ply;C:\Users\cwart\OneDrive\Desktop\2DGS\BlenderGTMesh_aligned.ply;;0.10831328516571226;;0.08084742661488634;;0.6797377213117684;;0.10831328516571226;0.08084742661488634;0.6797377213117684;;;;0.00303;;0.01;100000;uniform;gt_only;FALSE;;;;;;FALSE
;NewBlend_ImproveLossV2_iter15000;NewBlend_ImproveLossV2_iter15000;blender_gt;output\NewBlend_ImproveLossV2\train\ours_15000\fuse_post.ply;C:\Users\cwart\OneDrive\Desktop\2DGS\BlenderGTMesh_aligned.ply;;0.11316206272776232;;0.07878503767148437;;0.8749353081278944;;0.11316206272776232;0.07878503767148437;0.8749353081278944;;;;0.00285;;0.01;100000;uniform;gt_only;FALSE;;;;;;FALSE
;NewBlend_IntroduceGGXFresnel_iter15000;NewBlend_IntroduceGGXFresnel_iter15000;blender_gt;output\NewBlend_IntroduceGGXFresnel\train\ours_15000\fuse_post.ply;C:\Users\cwart\OneDrive\Desktop\2DGS\BlenderGTMesh_aligned.ply;;0.10238629287620629;;0.07415196228260079;;0.7842603591880788;;0.10238629287620629;0.07415196228260079;0.7842603591880788;;;;0.00278;;0.01;100000;uniform;gt_only;FALSE;;;;;;FALSE
;NewBlend_IntroduceGGXFresnelBackwardComplete_iter15000;NewBlend_IntroduceGGXFresnelBackwardComplete_iter15000;blender_gt;output\NewBlend_IntroduceGGXFresnelBackwardComplete\train\ours_15000\fuse_post.ply;C:\Users\cwart\OneDrive\Desktop\2DGS\BlenderGTMesh_aligned.ply;;0.11111006927077441;;0.07523762988039526;;0.8746945503630066;;0.11111006927077441;0.07523762988039526;0.8746945503630066;;;;0.00327;;0.01;100000;uniform;gt_only;FALSE;;;;;;FALSE
;NewBlend_IntroduceGGXFresnelCompletely_iter15000;NewBlend_IntroduceGGXFresnelCompletely_iter15000;blender_gt;output\NewBlend_IntroduceGGXFresnelCompletely\train\ours_15000\fuse_post.ply;C:\Users\cwart\OneDrive\Desktop\2DGS\BlenderGTMesh_aligned.ply;;0.1147110087489525;;0.0755135163187462;;0.8518583548857719;;0.1147110087489525;0.0755135163187462;0.8518583548857719;;;;0.00478;;0.01;100000;uniform;gt_only;FALSE;;;;;;FALSE
;NewBlend_IntroduceGGXFresnelSeparationComplete_iter15000;NewBlend_IntroduceGGXFresnelSeparationComplete_iter15000;blender_gt;output\NewBlend_IntroduceGGXFresnelSeparationComplete\train\ours_15000\fuse_post.ply;C:\Users\cwart\OneDrive\Desktop\2DGS\BlenderGTMesh_aligned.ply;;0.1055160641790494;;0.06997997657773528;;0.8223289276322615;;0.1055160641790494;0.06997997657773528;0.8223289276322615;;;;0.00356;;0.01;100000;uniform;gt_only;FALSE;;;;;;FALSE
;NewBlend_IntroduceGGXFresnelTrueRGBSpec_iter15000;NewBlend_IntroduceGGXFresnelTrueRGBSpec_iter15000;blender_gt;output\NewBlend_IntroduceGGXFresnelTrueRGBSpec\train\ours_15000\fuse_post.ply;C:\Users\cwart\OneDrive\Desktop\2DGS\BlenderGTMesh_aligned.ply;;0.1074472034468359;;0.07471787669374308;;0.8846872682113742;;0.1074472034468359;0.07471787669374308;0.8846872682113742;;;;0.00326;;0.01;100000;uniform;gt_only;FALSE;;;;;;FALSE
;NewBlend_SpotOff_iter15000;NewBlend_SpotOff_iter15000;blender_gt;output\NewBlend_SpotOff\train\ours_15000\fuse_post.ply;C:\Users\cwart\OneDrive\Desktop\2DGS\BlenderGTMesh_aligned.ply;;0.10834011180549297;;0.07383038056935737;;0.887469124625793;;0.10834011180549297;0.07383038056935737;0.887469124625793;;;;0.00351;;0.01;100000;uniform;gt_only;FALSE;;;;;;FALSE
;NewBlendTest_Standard2DGS_iter15000;NewBlendTest_Standard2DGS_iter15000;blender_gt;output\NewBlendTest_Standard2DGS\train\ours_15000\fuse_post.ply;C:\Users\cwart\OneDrive\Desktop\2DGS\BlenderGTMesh_aligned.ply;;0.12202600681178856;;0.07429648700612466;;0.7958041860836379;;0.12202600681178856;0.07429648700612466;0.7958041860836379;;;;0.00228;;0.01;100000;uniform;gt_only;FALSE;;;;;;FALSE
;NewBlendTest_WithVersionRemovedConfidenceOnly_iter15000;NewBlendTest_WithVersionRemovedConfidenceOnly_iter15000;blender_gt;output\NewBlendTest_WithVersionRemovedConfidenceOnly\train\ours_15000\fuse_post.ply;C:\Users\cwart\OneDrive\Desktop\2DGS\BlenderGTMesh_aligned.ply;;0.10921998590028398;;0.07240254631699625;;0.8023551513393801;;0.10921998590028398;0.07240254631699625;0.8023551513393801;;;;0.00312;;0.01;100000;uniform;gt_only;FALSE;;;;;;FALSE
;Outside(Ambient)GaussianActuallyMoveTestTbehind_iter15000;Outside(Ambient)GaussianActuallyMoveTestTbehind_iter15000;blender_gt;output\Outside(Ambient)GaussianActuallyMoveTestTbehind\train\ours_15000\fuse_post.ply;C:\Users\cwart\OneDrive\Desktop\2DGS\BlenderGTMesh_aligned.ply;;16.671.259.054.957.300;;16.014.680.553.654.100;;34.241.553.548.371.400;;16.671.259.054.957.300;16.014.680.553.654.100;34.241.553.548.371.400;;;;0.0;;0.01;100000;uniform;gt_only;FALSE;;;;;;FALSE
;OutsideConsistencyLossCheap_iter15000;OutsideConsistencyLossCheap_iter15000;blender_gt;output\OutsideConsistencyLossCheap\train\ours_15000\fuse_post.ply;C:\Users\cwart\OneDrive\Desktop\2DGS\BlenderGTMesh_aligned.ply;;22.337.886.752.908.100;;22.616.954.345.255.300;;35.430.087.137.363.100;;22.337.886.752.908.100;22.616.954.345.255.300;35.430.087.137.363.100;;;;0.0;;0.01;100000;uniform;gt_only;FALSE;;;;;;FALSE
;OutsideConsistencyLossMoreCostly_iter15000;OutsideConsistencyLossMoreCostly_iter15000;blender_gt;output\OutsideConsistencyLossMoreCostly\train\ours_15000\fuse_post.ply;C:\Users\cwart\OneDrive\Desktop\2DGS\BlenderGTMesh_aligned.ply;;16.727.307.554.290.000;;16.644.313.555.389.400;;33.984.508.762.201.200;;16.727.307.554.290.000;16.644.313.555.389.400;33.984.508.762.201.200;;;;0.0;;0.01;100000;uniform;gt_only;FALSE;;;;;;FALSE
;OutsideConsistencyLossV2_iter15000;OutsideConsistencyLossV2_iter15000;blender_gt;output\OutsideConsistencyLossV2\train\ours_15000\fuse_post.ply;C:\Users\cwart\OneDrive\Desktop\2DGS\BlenderGTMesh_aligned.ply;;20.611.690.933.719.500;;2.143.375.486.673.580;;3.547.321.263.920.200;;20.611.690.933.719.500;2.143.375.486.673.580;3.547.321.263.920.200;;;;0.0;;0.01;100000;uniform;gt_only;FALSE;;;;;;FALSE
;OutsideSurfaceRegualrization_iter15000;OutsideSurfaceRegualrization_iter15000;blender_gt;output\OutsideSurfaceRegualrization\train\ours_15000\fuse_post.ply;C:\Users\cwart\OneDrive\Desktop\2DGS\BlenderGTMesh_aligned.ply;;1.574.524.772.518.740;;15.905.308.306.841.800;;34.152.169.334.881.500;;1.574.524.772.518.740;15.905.308.306.841.800;34.152.169.334.881.500;;;;6,00E-05;;0.01;100000;uniform;gt_only;FALSE;;;;;;FALSE
;VaseClean_FixedAllGradients_AllOn_iter15000;VaseClean_FixedAllGradients_AllOn_iter15000;blender_gt;output\VaseClean_FixedAllGradients_AllOn\train\ours_15000\fuse_post.ply;C:\Users\cwart\OneDrive\Desktop\2DGS\BlenderGTMesh_aligned.ply;;2.366.340.595.011.380;;23.950.629.394.395.900;;4.468.615.237.034.500;;2.366.340.595.011.380;23.950.629.394.395.900;4.468.615.237.034.500;;;;0.0;;0.01;100000;uniform;gt_only;FALSE;;;;;;FALSE
;VaseClean_MoveTestTBehind_iter15000;VaseClean_MoveTestTBehind_iter15000;blender_gt;output\VaseClean_MoveTestTBehind\train\ours_15000\fuse_post.ply;C:\Users\cwart\OneDrive\Desktop\2DGS\BlenderGTMesh_aligned.ply;;23.735.204.214.525.500;;2.434.392.100.651.230;;4.341.612.384.723.410;;23.735.204.214.525.500;2.434.392.100.651.230;4.341.612.384.723.410;;;;0.0;;0.01;100000;uniform;gt_only;FALSE;;;;;;FALSE
;VaseClean_NowAllOff_iter15000;VaseClean_NowAllOff_iter15000;blender_gt;output\VaseClean_NowAllOff\train\ours_15000\fuse_post.ply;C:\Users\cwart\OneDrive\Desktop\2DGS\BlenderGTMesh_aligned.ply;;2.263.318.122.997.240;;2.311.483.496.079.810;;4.158.234.168.795.040;;2.263.318.122.997.240;2.311.483.496.079.810;4.158.234.168.795.040;;;;0.0;;0.01;100000;uniform;gt_only;FALSE;;;;;;FALSE
;VaseClean_SplitDiffuseToPartsWithFixes_iter15000;VaseClean_SplitDiffuseToPartsWithFixes_iter15000;blender_gt;output\VaseClean_SplitDiffuseToPartsWithFixes\train\ours_15000\fuse_post.ply;C:\Users\cwart\OneDrive\Desktop\2DGS\BlenderGTMesh_aligned.ply;;23.217.162.684.545.200;;22.159.941.248.061.100;;5.053.179.501.299.830;;23.217.162.684.545.200;22.159.941.248.061.100;5.053.179.501.299.830;;;;0.0;;0.01;100000;uniform;gt_only;FALSE;;;;;;FALSE
;;;;;;;;;;;;;;;;;;;;;;;;;;;;;;;
;;;;;;;;;;;;;;;;;;;;;;;;;;;;;;;
;;;;;;;;;;;;;;;;;;;;;;;;;;;;;;;
;;;;;;;;;;;;;;;;;;;;;;;;;;;;;;;
;;;;;;;;;;;;;;;;;;;;;;;;;;;;;;;
;NewBlend_BRDFFull_iter15000;NewBlend_BRDFFull_iter15000;blender_gt;output\NewBlend_BRDFFull\train\ours_15000\fuse_post.ply;C:\Users\cwart\OneDrive\Desktop\2DGS\BlenderCorrectPos.ply;;0.08980824376347037;;0.060620679394092505;;0.7206466448579611;;0.08980824376347037;0.060620679394092505;0.7206466448579611;;;;0.03378;;0.02;100000;uniform;gt_only;FALSE;;;;;;FALSE
;NewBlend_BRDFFull-Evenfiner_iter15000;NewBlend_BRDFFull-Evenfiner_iter15000;blender_gt;output\NewBlend_BRDFFull-Evenfiner\train\ours_15000\fuse_post.ply;C:\Users\cwart\OneDrive\Desktop\2DGS\BlenderCorrectPos.ply;;0.09181416576825792;;0.0623393663991679;;0.7057534969732664;;0.09181416576825792;0.0623393663991679;0.7057534969732664;;;;0.02786;;0.02;100000;uniform;gt_only;FALSE;;;;;;FALSE
;NewBlend_BRDFFull-Highdetail_iter15000;NewBlend_BRDFFull-Highdetail_iter15000;blender_gt;output\NewBlend_BRDFFull-Highdetail\train\ours_15000\fuse_post.ply;C:\Users\cwart\OneDrive\Desktop\2DGS\BlenderCorrectPos.ply;;0.09046326926205221;;0.062255163529822036;;0.7207824650548071;;0.09046326926205221;0.062255163529822036;0.7207824650548071;;;;0.03097;;0.02;100000;uniform;gt_only;FALSE;;;;;;FALSE
;NewBlend_BRDFFull-Saferfiner_iter15000;NewBlend_BRDFFull-Saferfiner_iter15000;blender_gt;output\NewBlend_BRDFFull-Saferfiner\train\ours_15000\fuse_post.ply;C:\Users\cwart\OneDrive\Desktop\2DGS\BlenderCorrectPos.ply;;0.09354155834170515;;0.06410974316450516;;0.7177527245817975;;0.09354155834170515;0.06410974316450516;0.7177527245817975;;;;0.02482;;0.02;100000;uniform;gt_only;FALSE;;;;;;FALSE
;NewBlend_BRDFReadyRoughness0_iter15000;NewBlend_BRDFReadyRoughness0_iter15000;blender_gt;output\NewBlend_BRDFReadyRoughness0\train\ours_15000\fuse_post.ply;C:\Users\cwart\OneDrive\Desktop\2DGS\BlenderCorrectPos.ply;;0.0859630662451981;;0.06213919061066711;;0.7606054384769343;;0.0859630662451981;0.06213919061066711;0.7606054384769343;;;;0.03024;;0.02;100000;uniform;gt_only;FALSE;;;;;;FALSE
;NewBlend_FalloffAndSpotOff_iter15000;NewBlend_FalloffAndSpotOff_iter15000;blender_gt;output\NewBlend_FalloffAndSpotOff\train\ours_15000\fuse_post.ply;C:\Users\cwart\OneDrive\Desktop\2DGS\BlenderCorrectPos.ply;;0.09111293047747038;;0.061902979087096605;;0.7312015314155708;;0.09111293047747038;0.061902979087096605;0.7312015314155708;;;;0.03125;;0.02;100000;uniform;gt_only;FALSE;;;;;;FALSE
;NewBlend_FalloffOff_iter15000;NewBlend_FalloffOff_iter15000;blender_gt;output\NewBlend_FalloffOff\train\ours_15000\fuse_post.ply;C:\Users\cwart\OneDrive\Desktop\2DGS\BlenderCorrectPos.ply;;0.08573603831969832;;0.06104811730574844;;0.7754294037026697;;0.08573603831969832;0.06104811730574844;0.7754294037026697;;;;0.03276;;0.02;100000;uniform;gt_only;FALSE;;;;;;FALSE
;NewBlend_FullBRDFOnlyCenterCam_iter15000;NewBlend_FullBRDFOnlyCenterCam_iter15000;blender_gt;output\NewBlend_FullBRDFOnlyCenterCam\train\ours_15000\fuse_post.ply;C:\Users\cwart\OneDrive\Desktop\2DGS\BlenderCorrectPos.ply;;0.09031668567989892;;0.06083452150942156;;0.7877617957132805;;0.09031668567989892;0.06083452150942156;0.7877617957132805;;;;0.03359;;0.02;100000;uniform;gt_only;FALSE;;;;;;FALSE
;NewBlend_ImproveLoss_iter15000;NewBlend_ImproveLoss_iter15000;blender_gt;output\NewBlend_ImproveLoss\train\ours_15000\fuse_post.ply;C:\Users\cwart\OneDrive\Desktop\2DGS\BlenderCorrectPos.ply;;0.08545231708549983;;0.05756219018581983;;0.8080493070524013;;0.08545231708549983;0.05756219018581983;0.8080493070524013;;;;0.03941;;0.02;100000;uniform;gt_only;FALSE;;;;;;FALSE
;NewBlend_ImproveLossLastV3Finished_iter15000;NewBlend_ImproveLossLastV3Finished_iter15000;blender_gt;output\NewBlend_ImproveLossLastV3Finished\train\ours_15000\fuse_post.ply;C:\Users\cwart\OneDrive\Desktop\2DGS\BlenderCorrectPos.ply;;0.08364385563473023;;0.0660400101101859;;0.6986430351192818;;0.08364385563473023;0.0660400101101859;0.6986430351192818;;;;0.02871;;0.02;100000;uniform;gt_only;FALSE;;;;;;FALSE
;NewBlend_ImproveLossV2_iter15000;NewBlend_ImproveLossV2_iter15000;blender_gt;output\NewBlend_ImproveLossV2\train\ours_15000\fuse_post.ply;C:\Users\cwart\OneDrive\Desktop\2DGS\BlenderCorrectPos.ply;;0.09316502211818264;;0.06696438641609521;;0.8060711974275264;;0.09316502211818264;0.06696438641609521;0.8060711974275264;;;;0.02588;;0.02;100000;uniform;gt_only;FALSE;;;;;;FALSE
;NewBlend_IntroduceGGXFresnel_iter15000;NewBlend_IntroduceGGXFresnel_iter15000;blender_gt;output\NewBlend_IntroduceGGXFresnel\train\ours_15000\fuse_post.ply;C:\Users\cwart\OneDrive\Desktop\2DGS\BlenderCorrectPos.ply;;0.08972873350181211;;0.06319891600635927;;0.737220322302389;;0.08972873350181211;0.06319891600635927;0.737220322302389;;;;0.03105;;0.02;100000;uniform;gt_only;FALSE;;;;;;FALSE
;NewBlend_IntroduceGGXFresnelBackwardComplete_iter15000;NewBlend_IntroduceGGXFresnelBackwardComplete_iter15000;blender_gt;output\NewBlend_IntroduceGGXFresnelBackwardComplete\train\ours_15000\fuse_post.ply;C:\Users\cwart\OneDrive\Desktop\2DGS\BlenderCorrectPos.ply;;0.08909599262967609;;0.0630430190182498;;0.7891058450642624;;0.08909599262967609;0.0630430190182498;0.7891058450642624;;;;0.02899;;0.02;100000;uniform;gt_only;FALSE;;;;;;FALSE
;NewBlend_IntroduceGGXFresnelCompletely_iter15000;NewBlend_IntroduceGGXFresnelCompletely_iter15000;blender_gt;output\NewBlend_IntroduceGGXFresnelCompletely\train\ours_15000\fuse_post.ply;C:\Users\cwart\OneDrive\Desktop\2DGS\BlenderCorrectPos.ply;;0.09880985817441078;;0.0594112889594013;;0.8105997079387594;;0.09880985817441078;0.0594112889594013;0.8105997079387594;;;;0.04623;;0.02;100000;uniform;gt_only;FALSE;;;;;;FALSE
;NewBlend_IntroduceGGXFresnelSeparationComplete_iter15000;NewBlend_IntroduceGGXFresnelSeparationComplete_iter15000;blender_gt;output\NewBlend_IntroduceGGXFresnelSeparationComplete\train\ours_15000\fuse_post.ply;C:\Users\cwart\OneDrive\Desktop\2DGS\BlenderCorrectPos.ply;;0.09008715523314037;;0.05930094800065846;;0.7476490669846753;;0.09008715523314037;0.05930094800065846;0.7476490669846753;;;;0.0353;;0.02;100000;uniform;gt_only;FALSE;;;;;;FALSE
;NewBlend_IntroduceGGXFresnelTrueRGBSpec_iter15000;NewBlend_IntroduceGGXFresnelTrueRGBSpec_iter15000;blender_gt;output\NewBlend_IntroduceGGXFresnelTrueRGBSpec\train\ours_15000\fuse_post.ply;C:\Users\cwart\OneDrive\Desktop\2DGS\BlenderCorrectPos.ply;;0.09232372403634814;;0.06281375212213901;;0.8370865431014385;;0.09232372403634814;0.06281375212213901;0.8370865431014385;;;;0.03184;;0.02;100000;uniform;gt_only;FALSE;;;;;;FALSE
;NewBlend_SpotOff_iter15000;NewBlend_SpotOff_iter15000;blender_gt;output\NewBlend_SpotOff\train\ours_15000\fuse_post.ply;C:\Users\cwart\OneDrive\Desktop\2DGS\BlenderCorrectPos.ply;;0.09065388248308141;;0.06233014483113626;;0.8135255188511207;;0.09065388248308141;0.06233014483113626;0.8135255188511207;;;;0.03218;;0.02;100000;uniform;gt_only;FALSE;;;;;;FALSE
;NewBlendTest_Standard2DGS_iter15000;NewBlendTest_Standard2DGS_iter15000;blender_gt;output\NewBlendTest_Standard2DGS\train\ours_15000\fuse_post.ply;C:\Users\cwart\OneDrive\Desktop\2DGS\BlenderCorrectPos.ply;;0.08216843930138557;;0.05742217095839508;;0.7798121351371063;;0.08216843930138557;0.05742217095839508;0.7798121351371063;;;;0.03382;;0.02;100000;uniform;gt_only;FALSE;;;;;;FALSE
;NewBlendTest_WithVersionRemovedConfidenceOnly_iter15000;NewBlendTest_WithVersionRemovedConfidenceOnly_iter15000;blender_gt;output\NewBlendTest_WithVersionRemovedConfidenceOnly\train\ours_15000\fuse_post.ply;C:\Users\cwart\OneDrive\Desktop\2DGS\BlenderCorrectPos.ply;;0.09066349237176544;;0.06151716592025801;;0.7335943593838171;;0.09066349237176544;0.06151716592025801;0.7335943593838171;;;;0.03168;;0.02;100000;uniform;gt_only;FALSE;;;;;;FALSE
;Outside(Ambient)GaussianActuallyMoveTestTbehind_iter15000;Outside(Ambient)GaussianActuallyMoveTestTbehind_iter15000;blender_gt;output\Outside(Ambient)GaussianActuallyMoveTestTbehind\train\ours_15000\fuse_post.ply;C:\Users\cwart\OneDrive\Desktop\2DGS\BlenderCorrectPos.ply;;14.032.775.250.013.700;;13.753.208.991.645.800;;2.939.662.762.342.180;;14.032.775.250.013.700;13.753.208.991.645.800;2.939.662.762.342.180;;;;0.0;;0.02;100000;uniform;gt_only;FALSE;;;;;;FALSE
;OutsideConsistencyLossCheap_iter15000;OutsideConsistencyLossCheap_iter15000;blender_gt;output\OutsideConsistencyLossCheap\train\ours_15000\fuse_post.ply;C:\Users\cwart\OneDrive\Desktop\2DGS\BlenderCorrectPos.ply;;22.522.628.477.748.600;;2.258.574.053.156.290;;33.187.195.248.481.800;;22.522.628.477.748.600;2.258.574.053.156.290;33.187.195.248.481.800;;;;0.0;;0.02;100000;uniform;gt_only;FALSE;;;;;;FALSE
;OutsideConsistencyLossMoreCostly_iter15000;OutsideConsistencyLossMoreCostly_iter15000;blender_gt;output\OutsideConsistencyLossMoreCostly\train\ours_15000\fuse_post.ply;C:\Users\cwart\OneDrive\Desktop\2DGS\BlenderCorrectPos.ply;;1.611.109.928.645.680;;1.672.311.478.327.060;;29.284.175.709.889.300;;1.611.109.928.645.680;1.672.311.478.327.060;29.284.175.709.889.300;;;;0.0;;0.02;100000;uniform;gt_only;FALSE;;;;;;FALSE
;OutsideConsistencyLossV2_iter15000;OutsideConsistencyLossV2_iter15000;blender_gt;output\OutsideConsistencyLossV2\train\ours_15000\fuse_post.ply;C:\Users\cwart\OneDrive\Desktop\2DGS\BlenderCorrectPos.ply;;21.878.885.173.802.600;;2.289.375.035.252.420;;31.095.473.789.467.300;;21.878.885.173.802.600;2.289.375.035.252.420;31.095.473.789.467.300;;;;0.0;;0.02;100000;uniform;gt_only;FALSE;;;;;;FALSE
;OutsideSurfaceRegualrization_iter15000;OutsideSurfaceRegualrization_iter15000;blender_gt;output\OutsideSurfaceRegualrization\train\ours_15000\fuse_post.ply;C:\Users\cwart\OneDrive\Desktop\2DGS\BlenderCorrectPos.ply;;1.616.878.008.967.430;;16.293.332.475.359.000;;30.234.755.809.365.300;;1.616.878.008.967.430;16.293.332.475.359.000;30.234.755.809.365.300;;;;0.0;;0.02;100000;uniform;gt_only;FALSE;;;;;;FALSE
;VaseClean_FixedAllGradients_AllOn_iter15000;VaseClean_FixedAllGradients_AllOn_iter15000;blender_gt;output\VaseClean_FixedAllGradients_AllOn\train\ours_15000\fuse_post.ply;C:\Users\cwart\OneDrive\Desktop\2DGS\BlenderCorrectPos.ply;;2.310.042.407.167.450;;22.818.359.424.214.500;;4.461.724.371.720.720;;2.310.042.407.167.450;22.818.359.424.214.500;4.461.724.371.720.720;;;;0.0;;0.02;100000;uniform;gt_only;FALSE;;;;;;FALSE
;VaseClean_MoveTestTBehind_iter15000;VaseClean_MoveTestTBehind_iter15000;blender_gt;output\VaseClean_MoveTestTBehind\train\ours_15000\fuse_post.ply;C:\Users\cwart\OneDrive\Desktop\2DGS\BlenderCorrectPos.ply;;2.300.784.595.684.530;;230.074.840.127.401;;4.344.178.504.796.150;;2.300.784.595.684.530;230.074.840.127.401;4.344.178.504.796.150;;;;0.0;;0.02;100000;uniform;gt_only;FALSE;;;;;;FALSE
;VaseClean_NowAllOff_iter15000;VaseClean_NowAllOff_iter15000;blender_gt;output\VaseClean_NowAllOff\train\ours_15000\fuse_post.ply;C:\Users\cwart\OneDrive\Desktop\2DGS\BlenderCorrectPos.ply;;19.381.593.703.263.700;;17.446.945.243.888.600;;4.168.252.266.848.810;;19.381.593.703.263.700;17.446.945.243.888.600;4.168.252.266.848.810;;;;0.0;;0.02;100000;uniform;gt_only;FALSE;;;;;;FALSE
;VaseClean_SplitDiffuseToPartsWithFixes_iter15000;VaseClean_SplitDiffuseToPartsWithFixes_iter15000;blender_gt;output\VaseClean_SplitDiffuseToPartsWithFixes\train\ours_15000\fuse_post.ply;C:\Users\cwart\OneDrive\Desktop\2DGS\BlenderCorrectPos.ply;;22.335.675.449.630.700;;2.031.985.574.234.910;;5.039.222.604.015.850;;22.335.675.449.630.700;2.031.985.574.234.910;5.039.222.604.015.850;;;;0.0;;0.02;100000;uniform;gt_only;FALSE;;;;;;FALSE
;;;;;;;;;;;;;;;;;;;;;;;;;;;;;;;
;;;;;;;;;;;;;;;;;;;;;;;;;;;;;;;
;;;;;;;;;;;;;;;;;;;;;;;;;;;;;;;
;;;;;;;;;;;;;;;;;;;;;;;;;;;;;;;
;;;;;;;;;;;;;;;;;;;;;;;;;;;;;;;
;;;;;;;;;;;;;;;;;;;;;;;;;;;;;;;
;;;;;;;;;;;;;;;;;;;;;;;;;;;;;;;
;NewBlend_BRDFFull_iter15000;NewBlend_BRDFFull_iter15000;blender_gt;output\NewBlend_BRDFFull\train\ours_15000\fuse_post.ply;C:\Users\cwart\OneDrive\Desktop\2DGS\BlenderCorrectPos.ply;;0.089569989097204;;0.060704888159328306;;0.7244345503426026;;0.089569989097204;0.060704888159328306;0.7244345503426026;;;;0.35114;;0.05;100000;uniform;gt_only;FALSE;;;;;;FALSE
;NewBlend_BRDFFull-Evenfiner_iter15000;NewBlend_BRDFFull-Evenfiner_iter15000;blender_gt;output\NewBlend_BRDFFull-Evenfiner\train\ours_15000\fuse_post.ply;C:\Users\cwart\OneDrive\Desktop\2DGS\BlenderCorrectPos.ply;;0.09132226682834396;;0.06176354893581721;;0.7074016873275172;;0.09132226682834396;0.06176354893581721;0.7074016873275172;;;;0.33923;;0.05;100000;uniform;gt_only;FALSE;;;;;;FALSE
;NewBlend_BRDFFull-Highdetail_iter15000;NewBlend_BRDFFull-Highdetail_iter15000;blender_gt;output\NewBlend_BRDFFull-Highdetail\train\ours_15000\fuse_post.ply;C:\Users\cwart\OneDrive\Desktop\2DGS\BlenderCorrectPos.ply;;0.08931882027062875;;0.06112417308831967;;0.7183338076556695;;0.08931882027062875;0.06112417308831967;0.7183338076556695;;;;0.35063;;0.05;100000;uniform;gt_only;FALSE;;;;;;FALSE
;NewBlend_BRDFFull-Saferfiner_iter15000;NewBlend_BRDFFull-Saferfiner_iter15000;blender_gt;output\NewBlend_BRDFFull-Saferfiner\train\ours_15000\fuse_post.ply;C:\Users\cwart\OneDrive\Desktop\2DGS\BlenderCorrectPos.ply;;0.09292906054959989;;0.06361890899165051;;0.714704522440101;;0.09292906054959989;0.06361890899165051;0.714704522440101;;;;0.31913;;0.05;100000;uniform;gt_only;FALSE;;;;;;FALSE
;NewBlend_BRDFReadyRoughness0_iter15000;NewBlend_BRDFReadyRoughness0_iter15000;blender_gt;output\NewBlend_BRDFReadyRoughness0\train\ours_15000\fuse_post.ply;C:\Users\cwart\OneDrive\Desktop\2DGS\BlenderCorrectPos.ply;;0.0867028973132452;;0.06241893567976309;;0.7655960603976442;;0.0867028973132452;0.06241893567976309;0.7655960603976442;;;;0.32981;;0.05;100000;uniform;gt_only;FALSE;;;;;;FALSE
;NewBlend_FalloffAndSpotOff_iter15000;NewBlend_FalloffAndSpotOff_iter15000;blender_gt;output\NewBlend_FalloffAndSpotOff\train\ours_15000\fuse_post.ply;C:\Users\cwart\OneDrive\Desktop\2DGS\BlenderCorrectPos.ply;;0.09028937620673776;;0.06101992395953797;;0.7291269071043185;;0.09028937620673776;0.06101992395953797;0.7291269071043185;;;;0.34785;;0.05;100000;uniform;gt_only;FALSE;;;;;;FALSE
;NewBlend_FalloffOff_iter15000;NewBlend_FalloffOff_iter15000;blender_gt;output\NewBlend_FalloffOff\train\ours_15000\fuse_post.ply;C:\Users\cwart\OneDrive\Desktop\2DGS\BlenderCorrectPos.ply;;0.08549027751801108;;0.060733674409244924;;0.7879176104483083;;0.08549027751801108;0.060733674409244924;0.7879176104483083;;;;0.34667;;0.05;100000;uniform;gt_only;FALSE;;;;;;FALSE
;NewBlend_FullBRDFOnlyCenterCam_iter15000;NewBlend_FullBRDFOnlyCenterCam_iter15000;blender_gt;output\NewBlend_FullBRDFOnlyCenterCam\train\ours_15000\fuse_post.ply;C:\Users\cwart\OneDrive\Desktop\2DGS\BlenderCorrectPos.ply;;0.09044630941219407;;0.06068072243415328;;0.7942627924733024;;0.09044630941219407;0.06068072243415328;0.7942627924733024;;;;0.34781;;0.05;100000;uniform;gt_only;FALSE;;;;;;FALSE
;NewBlend_ImproveLoss_iter15000;NewBlend_ImproveLoss_iter15000;blender_gt;output\NewBlend_ImproveLoss\train\ours_15000\fuse_post.ply;C:\Users\cwart\OneDrive\Desktop\2DGS\BlenderCorrectPos.ply;;0.08568862341629503;;0.056852955170271835;;0.8061815865626467;;0.08568862341629503;0.056852955170271835;0.8061815865626467;;;;0.39928;;0.05;100000;uniform;gt_only;FALSE;;;;;;FALSE
;NewBlend_ImproveLossLastV3Finished_iter15000;NewBlend_ImproveLossLastV3Finished_iter15000;blender_gt;output\NewBlend_ImproveLossLastV3Finished\train\ours_15000\fuse_post.ply;C:\Users\cwart\OneDrive\Desktop\2DGS\BlenderCorrectPos.ply;;0.08373197282232465;;0.06629656497393846;;0.7051879847884026;;0.08373197282232465;0.06629656497393846;0.7051879847884026;;;;0.29742;;0.05;100000;uniform;gt_only;FALSE;;;;;;FALSE
;NewBlend_ImproveLossV2_iter15000;NewBlend_ImproveLossV2_iter15000;blender_gt;output\NewBlend_ImproveLossV2\train\ours_15000\fuse_post.ply;C:\Users\cwart\OneDrive\Desktop\2DGS\BlenderCorrectPos.ply;;0.09309762707369092;;0.06726226895829779;;0.8089497071080497;;0.09309762707369092;0.06726226895829779;0.8089497071080497;;;;0.28748;;0.05;100000;uniform;gt_only;FALSE;;;;;;FALSE
;NewBlend_IntroduceGGXFresnel_iter15000;NewBlend_IntroduceGGXFresnel_iter15000;blender_gt;output\NewBlend_IntroduceGGXFresnel\train\ours_15000\fuse_post.ply;C:\Users\cwart\OneDrive\Desktop\2DGS\BlenderCorrectPos.ply;;0.08941537327472134;;0.06311397531355281;;0.7134770133986014;;0.08941537327472134;0.06311397531355281;0.7134770133986014;;;;0.31411;;0.05;100000;uniform;gt_only;FALSE;;;;;;FALSE
;NewBlend_IntroduceGGXFresnelBackwardComplete_iter15000;NewBlend_IntroduceGGXFresnelBackwardComplete_iter15000;blender_gt;output\NewBlend_IntroduceGGXFresnelBackwardComplete\train\ours_15000\fuse_post.ply;C:\Users\cwart\OneDrive\Desktop\2DGS\BlenderCorrectPos.ply;;0.09026089008826149;;0.06367854606404731;;0.7964342446273039;;0.09026089008826149;0.06367854606404731;0.7964342446273039;;;;0.31492;;0.05;100000;uniform;gt_only;FALSE;;;;;;FALSE
;NewBlend_IntroduceGGXFresnelCompletely_iter15000;NewBlend_IntroduceGGXFresnelCompletely_iter15000;blender_gt;output\NewBlend_IntroduceGGXFresnelCompletely\train\ours_15000\fuse_post.ply;C:\Users\cwart\OneDrive\Desktop\2DGS\BlenderCorrectPos.ply;;0.0992453247703564;;0.05956686241928538;;0.8124965619448559;;0.0992453247703564;0.05956686241928538;0.8124965619448559;;;;0.38374;;0.05;100000;uniform;gt_only;FALSE;;;;;;FALSE
;NewBlend_IntroduceGGXFresnelSeparationComplete_iter15000;NewBlend_IntroduceGGXFresnelSeparationComplete_iter15000;blender_gt;output\NewBlend_IntroduceGGXFresnelSeparationComplete\train\ours_15000\fuse_post.ply;C:\Users\cwart\OneDrive\Desktop\2DGS\BlenderCorrectPos.ply;;0.08960998645874955;;0.05880106746535975;;0.7517853897617489;;0.08960998645874955;0.05880106746535975;0.7517853897617489;;;;0.37415;;0.05;100000;uniform;gt_only;FALSE;;;;;;FALSE
;NewBlend_IntroduceGGXFresnelTrueRGBSpec_iter15000;NewBlend_IntroduceGGXFresnelTrueRGBSpec_iter15000;blender_gt;output\NewBlend_IntroduceGGXFresnelTrueRGBSpec\train\ours_15000\fuse_post.ply;C:\Users\cwart\OneDrive\Desktop\2DGS\BlenderCorrectPos.ply;;0.09150787620137121;;0.062324836935315486;;0.8307266532683526;;0.09150787620137121;0.062324836935315486;0.8307266532683526;;;;0.33151;;0.05;100000;uniform;gt_only;FALSE;;;;;;FALSE
;NewBlend_SpotOff_iter15000;NewBlend_SpotOff_iter15000;blender_gt;output\NewBlend_SpotOff\train\ours_15000\fuse_post.ply;C:\Users\cwart\OneDrive\Desktop\2DGS\BlenderCorrectPos.ply;;0.09099079039814535;;0.06263447568057427;;0.8091514809777498;;0.09099079039814535;0.06263447568057427;0.8091514809777498;;;;0.32873;;0.05;100000;uniform;gt_only;FALSE;;;;;;FALSE
;NewBlendTest_Standard2DGS_iter15000;NewBlendTest_Standard2DGS_iter15000;blender_gt;output\NewBlendTest_Standard2DGS\train\ours_15000\fuse_post.ply;C:\Users\cwart\OneDrive\Desktop\2DGS\BlenderCorrectPos.ply;;0.08380662878603723;;0.05892814919144145;;0.7744947241375688;;0.08380662878603723;0.05892814919144145;0.7744947241375688;;;;0.36622;;0.05;100000;uniform;gt_only;FALSE;;;;;;FALSE
;NewBlendTest_WithVersionRemovedConfidenceOnly_iter15000;NewBlendTest_WithVersionRemovedConfidenceOnly_iter15000;blender_gt;output\NewBlendTest_WithVersionRemovedConfidenceOnly\train\ours_15000\fuse_post.ply;C:\Users\cwart\OneDrive\Desktop\2DGS\BlenderCorrectPos.ply;;0.09018036935550879;;0.061643711426627446;;0.730677563826132;;0.09018036935550879;0.061643711426627446;0.730677563826132;;;;0.33161;;0.05;100000;uniform;gt_only;FALSE;;;;;;FALSE
;Outside(Ambient)GaussianActuallyMoveTestTbehind_iter15000;Outside(Ambient)GaussianActuallyMoveTestTbehind_iter15000;blender_gt;output\Outside(Ambient)GaussianActuallyMoveTestTbehind\train\ours_15000\fuse_post.ply;C:\Users\cwart\OneDrive\Desktop\2DGS\BlenderCorrectPos.ply;;1.406.179.737.847.680;;1.381.795.913.699.330;;29.533.099.081.374.700;;1.406.179.737.847.680;1.381.795.913.699.330;29.533.099.081.374.700;;;;0.0;;0.05;100000;uniform;gt_only;FALSE;;;;;;FALSE
;OutsideConsistencyLossCheap_iter15000;OutsideConsistencyLossCheap_iter15000;blender_gt;output\OutsideConsistencyLossCheap\train\ours_15000\fuse_post.ply;C:\Users\cwart\OneDrive\Desktop\2DGS\BlenderCorrectPos.ply;;22.582.740.563.797.200;;22.696.818.517.047.400;;3.336.620.393.680.890;;22.582.740.563.797.200;22.696.818.517.047.400;3.336.620.393.680.890;;;;0.0;;0.05;100000;uniform;gt_only;FALSE;;;;;;FALSE
;OutsideConsistencyLossMoreCostly_iter15000;OutsideConsistencyLossMoreCostly_iter15000;blender_gt;output\OutsideConsistencyLossMoreCostly\train\ours_15000\fuse_post.ply;C:\Users\cwart\OneDrive\Desktop\2DGS\BlenderCorrectPos.ply;;16.144.494.261.841.000;;16.756.296.641.452.900;;2.945.508.056.275.430;;16.144.494.261.841.000;16.756.296.641.452.900;2.945.508.056.275.430;;;;0.0;;0.05;100000;uniform;gt_only;FALSE;;;;;;FALSE
;OutsideConsistencyLossV2_iter15000;OutsideConsistencyLossV2_iter15000;blender_gt;output\OutsideConsistencyLossV2\train\ours_15000\fuse_post.ply;C:\Users\cwart\OneDrive\Desktop\2DGS\BlenderCorrectPos.ply;;21.808.488.841.287.000;;22.825.279.828.002.100;;3.093.669.780.030.300;;21.808.488.841.287.000;22.825.279.828.002.100;3.093.669.780.030.300;;;;0.0;;0.05;100000;uniform;gt_only;FALSE;;;;;;FALSE
;OutsideSurfaceRegualrization_iter15000;OutsideSurfaceRegualrization_iter15000;blender_gt;output\OutsideSurfaceRegualrization\train\ours_15000\fuse_post.ply;C:\Users\cwart\OneDrive\Desktop\2DGS\BlenderCorrectPos.ply;;16.107.353.962.692.700;;16.210.594.613.326.800;;29.830.058.561.668.300;;16.107.353.962.692.700;16.210.594.613.326.800;29.830.058.561.668.300;;;;0.00013;;0.05;100000;uniform;gt_only;FALSE;;;;;;FALSE
;VaseClean_FixedAllGradients_AllOn_iter15000;VaseClean_FixedAllGradients_AllOn_iter15000;blender_gt;output\VaseClean_FixedAllGradients_AllOn\train\ours_15000\fuse_post.ply;C:\Users\cwart\OneDrive\Desktop\2DGS\BlenderCorrectPos.ply;;23.135.217.739.674.000;;22.827.365.969.708.200;;4.463.132.752.477.900;;23.135.217.739.674.000;22.827.365.969.708.200;4.463.132.752.477.900;;;;0.0;;0.05;100000;uniform;gt_only;FALSE;;;;;;FALSE
;VaseClean_MoveTestTBehind_iter15000;VaseClean_MoveTestTBehind_iter15000;blender_gt;output\VaseClean_MoveTestTBehind\train\ours_15000\fuse_post.ply;C:\Users\cwart\OneDrive\Desktop\2DGS\BlenderCorrectPos.ply;;22.976.310.491.756.000;;22.960.139.487.868.400;;4.359.053.817.898.430;;22.976.310.491.756.000;22.960.139.487.868.400;4.359.053.817.898.430;;;;0.0;;0.05;100000;uniform;gt_only;FALSE;;;;;;FALSE
;VaseClean_NowAllOff_iter15000;VaseClean_NowAllOff_iter15000;blender_gt;output\VaseClean_NowAllOff\train\ours_15000\fuse_post.ply;C:\Users\cwart\OneDrive\Desktop\2DGS\BlenderCorrectPos.ply;;19.396.677.820.028.300;;17.447.121.231.699.200;;4.175.939.287.162.860;;19.396.677.820.028.300;17.447.121.231.699.200;4.175.939.287.162.860;;;;0.0;;0.05;100000;uniform;gt_only;FALSE;;;;;;FALSE
;VaseClean_SplitDiffuseToPartsWithFixes_iter15000;VaseClean_SplitDiffuseToPartsWithFixes_iter15000;blender_gt;output\VaseClean_SplitDiffuseToPartsWithFixes\train\ours_15000\fuse_post.ply;C:\Users\cwart\OneDrive\Desktop\2DGS\BlenderCorrectPos.ply;;222.991.285.938.648;;20.291.237.215.409.900;;5.042.033.190.394.540;;222.991.285.938.648;20.291.237.215.409.900;5.042.033.190.394.540;;;;0.0;;0.05;100000;uniform;gt_only;FALSE;;;;;;FALSE
